accelerometer_x,accelerometer_y,accelerometer_z,gyroscope_x,gyroscope_y,gyroscope_z,label
1.017,7.94295,6.82605,-0.26786,1.93803,-1.34717,non-fall
-0.342,2.07195,9.30195,-6.00317,-2.77312,-1.57563,non-fall
-0.438,2.13705,9.05505,3.09612,-1.79622,-1.57563,non-fall
-0.876,2.71395,9.10605,0.4333,14.57461,-5.56987,fall
4.32795,-6.44805,-15.87495,10.09194,82.05114,-25.52527,fall
2.33805,-1.071,-0.99495,-272.63196,-19.5221,78.90775,fall
-8.50695,9.73605,49.59795,229.89285,116.83325,150.79604,fall
10.21305,-8.991,6.252,-406.26144,-218.24893,-72.56582,fall
-0.93105,-19.88295,-12.07605,-47.23751,98.98132,-80.05796,fall
-18,10.48605,78.33705,-14.33827,164.01561,-82.36626,fall
11.12805,-9.408,-12.24105,-300.34735,-232.04359,-34.20701,fall
3.81795,-17.34705,-17.29005,-23.9969,63.41926,-41.34464,fall
0.37995,6.255,36.774,273.91608,205.44691,42.3688,fall
17.74605,-5.60295,28.926,-394.57025,-305.89359,-85.93507,fall
-8.60505,-1.947,30.42195,289.67242,143.9893,151.4263,fall
6.162,0.12495,-1.45905,-226.15073,-234.76945,11.84877,fall
13.64895,8.058,31.33695,321.24023,221.82562,105.22871,fall
8.757,-0.666,55.92795,-149.57492,-340.25815,-24.33566,fall
2.496,-12.70905,-24.555,-153.00194,12.95171,-7.53941,fall
2.94405,0.453,30.84105,317.11209,160.43893,21.64921,fall
-0.40905,3.03195,9.44805,0.22059,4.13604,2.40284,non-fall
-0.60795,2.97195,9.10305,0.08666,3.43488,3.37973,non-fall
-0.51495,3.063,9.57705,1.27626,-0.27574,1.41807,non-fall
-0.20295,3.18495,9.381,0.01576,-0.55935,0.15756,non-fall
-0.55305,3.09705,8.991,-4.81356,3.57669,3.52154,non-fall
-0.07695,3.18105,9.38295,0.4333,-0.13393,-0.67752,non-fall
-0.46695,3.26895,9.05805,2.46587,-1.88288,1.97742,non-fall
-0.18195,3.36705,9.285,-1.7332,-0.90599,4.99476,non-fall
-0.069,3.501,9.35505,-0.89811,2.59192,8.56357,non-fall
-0.72495,3.171,9.369,0.08666,9.03626,17.93859,non-fall
-1.065,2.886,9.123,-4.53783,20.51475,34.45911,non-fall
-1.43205,2.64405,9.606,-4.95537,22.96486,50.7039,non-fall
-1.386,2.874,9.609,-8.52418,15.12609,40.47804,non-fall
-0.76095,3.16095,8.86395,-5.79833,15.61453,28.15658,non-fall
-1.48695,2.745,9.50595,-3.27732,4.69539,29.14135,non-fall
-0.44505,3.09705,9.25395,3.30095,1.75683,20.3178,non-fall
-0.603,2.79,9.40995,10.72219,12.46326,21.37347,non-fall
0.78405,2.55105,8.70105,-0.05515,4.48268,28.29839,non-fall
0.73905,2.829,9.69705,-14.68491,11.41547,20.87715,non-fall
1.077,3.07995,9.12705,-6.56252,9.03626,24.02842,non-fall
-0.40695,2.43105,10.40805,13.66075,39.61932,31.79629,non-fall
-1.30995,1.40895,10.05405,4.70327,14.91337,26.40763,non-fall
-1.197,1.806,9.618,-3.49003,7.84666,12.96747,non-fall
-0.82605,2.754,10.33395,4.41965,16.52052,-17.9701,non-fall
-0.44505,2.69895,9.89295,-0.7563,-5.87711,-24.13083,non-fall
-1.053,2.59605,9.59205,-1.8041,1.75683,-5.50684,non-fall
0.042,3.37395,8.328,-8.03573,1.74895,26.76214,non-fall
-0.07395,2.76195,8.811,12.0536,-1.81986,-6.208,non-fall
-1.152,3.09705,8.74905,-7.33458,34.44336,58.25906,non-fall
-0.98205,1.82505,11.931,1.552,30.94545,93.3248,non-fall
-1.611,1.52595,9.01995,-5.16808,34.30155,115.17097,non-fall
-0.67995,1.97595,9.642,2.53677,11.6203,104.31484,non-fall
1.56705,2.53605,8.787,-7.68909,39.76112,60.70918,non-fall
1.86195,2.802,9.55605,27.45542,-21.20803,22.20856,non-fall
4.824,3.111,7.67205,29.62192,-43.74747,41.53371,non-fall
8.925,2.42895,3.51,-1.31565,-49.69549,61.68607,non-fall
8.54895,-0.39105,2.94,-24.55626,-12.10875,78.4193,non-fall
10.00005,-2.625,4.482,53.56367,8.3351,12.47902,non-fall
7.656,-4.317,4.90395,38.16185,25.13136,-17.19804,non-fall
9.05895,-2.445,4.91805,89.68508,-26.80941,-2.63919,non-fall
8.25495,-0.84105,4.41105,42.71544,3.08036,-43.73172,non-fall
10.48605,-0.795,3.486,14.78732,-28.20385,79.95554,non-fall
9.11205,-1.356,1.70295,-29.59828,-32.61562,73.03063,non-fall
6.291,-0.12495,3.285,27.52633,-25.4071,18.91549,non-fall
8.295,-3.51495,3.25395,-40.65924,29.40133,15.21275,non-fall
8.69505,-1.82295,2.14095,6.66493,1.67805,24.31203,non-fall
9.24105,-2.70105,2.85195,49.71125,4.19906,-8.65811,non-fall
8.72595,-3.087,4.74795,84.71396,-2.86765,-25.95069,non-fall
10.42395,-1.01805,2.58795,-47.0957,23.2406,20.60141,non-fall
-2.20695,4.761,8.727,15.69331,16.24479,13.45591,non-fall
-1.164,5.97195,7.437,2.95431,18.62399,12.62083,non-fall
-0.84495,5.307,6.984,-26.65973,6.64918,50.62512,non-fall
1.46205,4.35405,9.834,-24.83199,1.1896,27.73904,non-fall
0.99,2.06205,9.46995,-8.10664,-0.0709,45.66187,non-fall
3.49695,0.55395,10.13295,-3.83667,-77.06425,61.96968,non-fall
6.28905,-0.42195,9.85305,-56.05318,-29.67707,63.99437,non-fall
0.753,4.87095,8.22495,-34.28579,21.20803,32.28474,non-fall
5.98995,-2.25105,7.83405,-8.31935,-52.98857,62.38723,non-fall
9.38205,-4.68405,3.13695,-17.48954,-87.92037,63.86045,non-fall
7.54305,-5.376,1.65,20.30992,-26.25006,29.97644,non-fall
7.61805,-5.49105,0.96795,19.33303,-29.60616,17.09563,non-fall
8.05095,-4.43205,2.26305,39.63507,-2.1665,-21.82253,non-fall
9.43995,-4.62405,4.31205,78.48232,11.47849,-76.14251,non-fall
8.74305,-2.328,5.68005,56.99068,40.17867,-44.70861,non-fall
6.66495,0.765,5.87295,48.30894,68.80793,-39.80839,non-fall
4.824,3.47295,6.606,14.01526,78.60838,-33.64766,non-fall
2.46795,4.56195,8.28705,22.34249,39.96595,-31.7569,non-fall
1.062,4.46595,7.71705,17.85981,40.17867,-16.07934,non-fall
-0.225,4.26795,7.28805,-4.74266,47.94654,10.87187,non-fall
-1.08495,4.97595,6.666,-0.12605,49.63247,48.94707,non-fall
-2.47095,5.721,9.237,7.08247,78.46658,57.3452,non-fall
-3.77805,5.577,5.17395,-6.49949,102.82587,79.25439,non-fall
-3.55995,6.02505,6.192,-40.72226,63.07262,48.94707,non-fall
-3.76095,5.733,6.738,-18.81307,29.47223,55.39141,non-fall
-2.526,6.42,6.92205,6.03468,0.84296,66.31055,non-fall
-2.31495,6.37905,6.66105,-21.40499,21.27894,34.66395,non-fall
-0.32295,5.817,8.88105,-17.13502,25.20226,49.36461,non-fall
1.33695,6.23805,8.14995,-26.37611,26.39187,46.00851,non-fall
1.62705,5.448,7.44705,-10.97429,24.08356,53.28794,non-fall
1.668,5.42205,8.229,-11.25791,23.72905,35.43601,non-fall
2.298,5.379,7.554,5.68016,30.10249,0.15756,non-fall
1.71795,6.19695,7.20705,-1.875,-14.14131,-20.20751,non-fall
-1.45305,4.722,8.67495,3.44276,11.5494,-0.81933,non-fall
-0.23895,4.71105,8.814,-16.08722,24.77684,-2.29255,non-fall
-0.474,5.223,8.754,-12.65234,12.59719,-6.63342,non-fall
-1.12995,4.87095,8.46195,-0.54359,10.14708,2.82038,non-fall
0.411,3.90105,10.2,-6.70432,39.13087,-2.36345,non-fall
-0.21495,3.69105,8.45895,-16.99321,30.30732,28.50322,non-fall
0.09705,3.63795,8.301,6.45222,31.91446,73.44817,non-fall
0.57405,2.92005,9.45495,11.70696,62.99384,104.38575,non-fall
-0.069,2.496,8.19105,-0.6145,63.13565,102.07745,non-fall
-0.79005,2.78295,10.65495,-16.50477,45.98488,82.8232,non-fall
-1.48905,2.256,9.063,2.25316,51.51535,83.0359,non-fall
0.23895,1.94805,9.594,3.58457,56.41557,54.61935,non-fall
1.48095,1.64595,6.12195,14.77945,23.87085,21.85404,non-fall
-0.31095,1.68405,10.53,-5.51472,9.58773,4.42753,non-fall
-1.14,1.818,8.70105,-20.00267,19.17546,37.88612,non-fall
1.14795,2.19195,12.97695,18.77368,26.6676,0.85872,non-fall
1.11705,2.73795,10.89705,32.14293,-2.17437,7.43699,non-fall
0.97095,3.94905,7.45095,17.16653,0.63025,-18.18282,non-fall
0.73395,5.316,6.49605,16.32357,-1.89076,-45.20494,non-fall
-1.07505,6.86805,7.88505,23.88661,4.90022,-34.84515,non-fall
-1.24695,7.66995,6.32805,32.77319,20.79049,-25.17863,non-fall
-1.02,8.316,6.573,48.1041,32.89923,-12.79415,non-fall
-0.93105,8.41905,4.41105,61.18975,24.07569,-3.34034,non-fall
-1.88895,9.55395,2.23905,73.36939,12.38448,-21.54679,non-fall
-2.01105,9.19695,-0.147,77.0091,-7.70485,-33.65554,non-fall
-7.47495,5.83605,-0.69105,51.74382,-55.43868,-56.68343,non-fall
-4.15395,6.93195,-1.074,55.87198,-60.40981,-83.63465,non-fall
-8.15205,3.111,1.971,80.51489,-71.12411,-56.26588,non-fall
-9.53895,1.995,2.86395,34.87666,-31.29209,-15.80361,non-fall
-8.40105,2.38305,1.86495,3.58457,-11.27366,-29.38557,non-fall
-8.86605,0.81,3.15795,-11.81725,-32.6235,-28.4008,non-fall
-7.161,0.23295,5.895,-25.95857,-18.20645,-0.89811,non-fall
-6.237,0.444,7.28595,-6.14497,-20.37295,1.13446,non-fall
3.51105,-23.98605,-24.55695,-312.81061,-193.55087,17.45015,fall
-2.69805,2.66595,-5.99895,-51.85411,11.19488,49.79004,fall
4.03305,13.08105,40.971,255.22906,104.85844,47.12721,fall
6.09705,-21.63495,-24.98595,-344.10269,-272.50589,-20.91654,fall
9.06105,-3.97695,41.12505,419.44952,227.427,68.26434,fall
14.961,-16.41795,-9.77505,-392.53769,-229.31775,137.42679,fall
0.72495,-22.71705,-10.21005,282.18027,147.76294,-26.79366,fall
18.61005,-17.88105,35.42595,526.33264,215.03464,267.69232,fall
5.90295,-31.30305,-33.09495,-67.60258,64.60887,129.51711,fall
-1.554,-33.53505,-34.84995,-289.01065,-103.464,72.60521,fall
4.038,2.97495,-1.30605,-55.84834,7.13762,70.78535,fall
26.28105,17.307,-3.88695,14.01526,-240.72534,-30.14976,fall
28.86,-24.16605,13.27905,-168.68736,296.72339,430.43954,fall
43.21605,-2.05005,-18.03705,-88.88151,-99.32796,-166.71783,fall
-9.91005,-10.69095,43.38705,456.61871,214.89284,70.29691,fall
53.01105,-13.95195,44.007,306.95712,269.77219,371.92053,fall
7.09305,-10.72905,-32.52,-184.22313,-208.73997,-13.48743,fall
-5.49,-17.97195,39.882,-101.13206,-252.62927,-167.97833,fall
7.31805,-35.35695,-23.90595,-449.16599,-370.85696,-11.67545,fall
29.26695,-31.119,-27.59805,-514.47595,-544.45239,83.10681,fall
14.92305,-19.87305,-2.90805,14.50371,-535.84155,-344.37845,fall
3.459,17.88105,13.083,156.11382,-31.29209,37.61038,fall
2.832,-0.46695,3.01905,-46.74906,-2.79675,-30.99272,fall
1.95795,2.82105,11.634,19.82148,-78.32476,-0.89023,fall
1.785,-8.39505,8.18595,-97.84686,-2.1665,-115.69092,fall
-0.22005,3.08205,8.14305,62.37934,-4.96325,-27.41603,fall
-0.56505,-7.188,2.42295,-115.62789,4.69539,-50.4518,fall
12.09,-2.21295,5.397,25.07622,-74.05479,-202.48471,fall
5.73105,-4.506,11.99805,-100.64362,-200.12126,-265.48645,fall
4.06695,-12.228,31.78695,-149.71674,-247.93387,-203.39857,fall
8.37,0.26205,7.545,69.17033,-144.26505,-57.51852,fall
0.07995,1.85895,1.197,-20.499,-103.17251,-117.51078,fall
58.992,-17.151,36.79305,474.25797,-379.94836,794.50555,fall
5.04105,0.951,0.23295,49.29371,-159.31235,-19.78996,fall
-0.19905,7.902,24.53505,41.17131,-34.51426,-5.37291,fall
0.08295,-2.71305,-3.17595,-60.8825,-22.53944,-7.89393,fall
1.15305,-0.36,-1.05,-27.49481,-44.80315,-121.99346,fall
2.72595,5.58195,4.73895,46.9854,-242.05676,-41.0689,fall
8.51805,15.26505,18.74505,-6.91703,-515.61041,526.68713,fall
3.14805,14.72595,19.617,119.43306,-100.88784,-28.40868,fall
0.29595,2.529,-2.02395,91.50494,-73.86572,-38.56364,fall
-1.82205,-1.068,-2.86905,21.3656,-120.41782,-24.49323,fall
0.94695,4.026,-5.19705,-24.83987,-62.10361,-24.00478,fall
-0.28695,5.12205,-9.01305,10.02103,84.61154,-20.15236,fall
4.10295,9.46095,-3.315,-72.92822,22.87033,-3.70274,fall
1.938,7.806,-1.68405,-118.28284,30.92182,-51.72018,fall
1.14405,7.002,3.49395,-104.35423,-3.86818,-23.02001,fall
0.28605,3.04605,0.46995,-122.34798,-5.90075,-12.73112,fall
-29.478,21.11895,-3.75795,178.36964,-88.49548,299.32318,fall
-3.58695,-0.97305,14.21805,42.85725,142.78395,166.37906,fall
-4.97295,-0.168,11.718,11.91967,159.4384,160.43105,fall
-4.116,0.90405,12.621,10.23374,178.82658,169.17581,fall
-2.93295,-2.112,17.148,30.7485,184.49886,234.9743,fall
-1.125,-2.778,16.05195,32.91499,224.25998,213.34872,fall
-1.839,0.88905,15.79095,-0.12605,226.91492,165.95364,fall
0.207,-0.738,23.85,60.49647,243.57726,178.62962,fall
1.206,0.336,14.34705,42.78634,243.9948,129.6274,fall
-3.34695,4.11405,9.91995,-42.88876,159.09175,105.33901,fall
-2.868,2.06505,12.585,-77.67875,210.81981,134.52762,fall
1.5,0.53205,14.649,26.75426,202.62653,179.74831,fall
0.93,3.40095,12.645,-33.65554,196.26097,112.47662,fall
-4.30005,1.74195,16.43895,-71.38409,152.78923,176.45525,fall
-0.546,4.02105,8.92605,-3.13551,-1.20536,-2.31618,non-fall
-0.519,3.86505,8.84505,-2.78099,-0.5042,0.26786,non-fall
-0.52395,3.91605,8.79195,-0.47269,-1.41807,0.76418,non-fall
-0.522,3.88905,8.907,1.63078,4.95537,-0.29149,non-fall
-0.60105,3.94695,9.09105,-2.57616,-0.22847,0.06303,non-fall
-0.50805,3.92505,9.10095,-2.00893,-2.32406,-0.56723,non-fall
-0.59595,3.999,8.43105,2.88341,1.8041,0.19695,non-fall
-0.44505,3.97995,9.051,-3.55305,0.6145,1.25263,non-fall
-0.36105,3.94395,9.24,4.56934,3.90757,1.74108,non-fall
-0.45495,4.026,9.17805,0.78782,-0.5042,1.67017,non-fall
-0.55305,3.97305,9.07005,-0.6145,0.82721,1.59927,non-fall
-0.63,3.99705,8.96205,-1.94591,3.34822,7.05884,non-fall
-0.59595,3.987,9.14595,-1.03204,3.34822,6.85401,non-fall
-0.58695,4.038,9.04305,0.29937,3.62396,7.05884,non-fall
-0.67995,3.96105,8.86905,-1.38656,2.9228,6.29466,non-fall
-0.65805,3.91305,8.80905,0.29937,2.22164,4.4748,non-fall
-0.68205,3.93495,9.09405,-0.7563,3.27732,5.45169,non-fall
-0.18195,4.14495,8.77095,-1.59139,3.34822,3.34822,non-fall
0.11205,3.70305,9.09105,-2.07984,-3.44276,-10.58038,non-fall
0.279,3.98505,8.63205,-4.81356,8.59508,-4.00211,non-fall
-1.93695,4.15695,8.313,-11.1161,-3.72637,-26.81729,non-fall
-2.571,3.288,10.81995,-5.64865,-23.603,-28.49534,non-fall
-0.38505,2.007,11.41905,3.86818,-31.72539,-11.76999,non-fall
0.73395,2.11995,7.94895,-12.93596,16.36296,0.76418,non-fall
-0.903,3.762,8.17695,-2.50526,8.17754,-15.89815,non-fall
1.92405,3.32895,7.34805,6.94855,-3.09612,16.51264,non-fall
-2.10195,4.107,9.17295,-6.42071,-15.69331,-34.65607,non-fall
0.693,3.477,9.15105,1.41807,22.59459,31.41814,non-fall
0.15195,2.505,9.97995,4.42753,46.25273,37.86248,non-fall
-0.83595,1.99995,10.401,1.90652,14.82672,53.95758,non-fall
-0.74895,2.35005,9.168,3.79728,17.55256,12.17177,non-fall
-0.53595,2.76195,8.77305,-4.88447,18.60824,18.47431,non-fall
0.456,2.88405,9.50295,10.09981,26.1634,26.45489,non-fall
0.033,3.43695,8.469,-3.26944,52.62617,-11.90391,non-fall
-1.089,3.75795,8.004,1.83561,14.26737,-45.37038,non-fall
-3.45495,3.279,7.69095,-6.07407,-10.37555,-41.23434,non-fall
-1.75695,2.46705,8.39205,-7.05096,-11.84089,-46.48908,non-fall
-2.38005,0.48195,10.45395,-58.50329,26.93546,1.52837,non-fall
0.93495,0.279,7.14195,-18.39553,-0.08666,37.79158,non-fall
-0.67305,-0.40695,9.56805,-6.77523,14.68491,18.47431,non-fall
-0.84495,-0.036,13.48695,25.43073,-18.41916,45.21282,non-fall
-0.82095,0.52095,12.726,12.19541,-12.0536,37.09042,non-fall
0.32505,4.66995,5.48805,-7.05096,55.28899,-35.77477,non-fall
0.11205,5.12505,5.952,21.3656,-18.97851,-22.76003,non-fall
0.42,5.06505,6.46995,41.03738,-64.2701,-3.23005,non-fall
0.84405,5.244,5.397,-16.63869,-8.13027,-64.89249,non-fall
3.246,5.62995,6.97005,-10.13133,-60.84311,-44.03897,non-fall
0.55005,2.235,11.71095,70.36781,6.77523,-29.05469,non-fall
1.93605,6.387,7.91295,-5.0893,6.7122,-2.87553,non-fall
2.81505,6.075,7.22595,-6.84613,27.84933,-19.11244,non-fall
2.14395,6.09,4.53495,-28.68441,-17.30046,-8.2642,non-fall
3.73695,4.512,8.29395,-44.01534,-23.11455,36.88559,non-fall
4.36095,2.958,5.33505,-35.53843,-34.23853,55.4308,non-fall
11.14905,0.11295,4.60005,-48.41923,-48.16713,91.20557,non-fall
11.47305,0.549,4.98495,21.85404,-15.06306,52.27953,non-fall
7.65105,-1.76295,2.42595,28.57412,23.57936,-6.31041,non-fall
8.226,-2.44305,3.537,2.26103,25.88766,-24.36718,non-fall
-0.486,6.00795,7.27395,18.14342,73.48757,25.96645,non-fall
0.59805,7.32705,6.561,-10.97429,22.10614,12.45539,non-fall
0.816,7.36605,7.25295,-26.2343,-9.31987,-10.43857,non-fall
-0.474,7.203,7.12305,12.40812,-2.38709,-25.06834,non-fall
-0.19395,6.657,5.92395,-0.6854,-27.1009,-28.28263,non-fall
-0.79695,7.323,7.425,-4.60085,1.52837,-15.96905,non-fall
-1.09695,5.4,10.43505,33.54525,47.24538,3.83667,non-fall
-0.54795,6.70695,6.975,37.6025,58.44026,29.03893,non-fall
0.126,6.12105,10.305,-50.66451,-2.80463,-7.64182,non-fall
-0.49995,7.974,5.71995,45.7958,60.89037,24.83987,non-fall
-0.47595,8.72805,4.344,48.45862,33.10407,21.6886,non-fall
-0.46005,6.22395,7.458,40.82468,67.54743,29.03893,non-fall
-0.27,8.29005,3.49095,59.23596,46.47332,8.17754,non-fall
1.14405,9.22395,-0.16395,34.87666,55.71442,17.34773,non-fall
1.74,9.885,-2.51505,3.02522,29.67707,-3.01734,non-fall
0.37305,8.355,2.66295,-87.97552,-21.0032,-31.29997,non-fall
-0.084,5.244,9.09405,-57.87303,-38.36668,-21.28681,non-fall
-0.057,4.40895,9.50805,-36.80681,5.17596,-17.78891,non-fall
0.78405,6.51105,6.003,-86.5023,-42.91239,-26.81729,non-fall
-0.60795,4.40205,9.38805,-7.26367,16.79626,-18.13555,non-fall
-0.47595,4.749,8.86395,8.34298,13.8577,-12.11662,non-fall
-0.80205,5.16495,8.89695,34.80575,21.48377,8.11452,non-fall
-0.306,5.73795,6.93405,48.31681,29.8819,24.28052,non-fall
-0.069,6.906,5.715,22.41339,29.18074,26.10038,non-fall
0.01095,7.42605,5.11005,0.29937,15.25214,22.04312,non-fall
-0.23205,7.323,5.943,-1.59139,13.15654,12.17177,non-fall
0.64305,7.596,5.78205,-3.48215,13.15654,15.25214,non-fall
1.44795,7.89705,7.10895,-3.83667,18.68702,1.45746,non-fall
1.30605,7.43295,7.107,7.71273,11.82513,-6.31041,non-fall
1.40505,6.837,4.995,-10.97429,-10.35979,-12.88869,non-fall
0.90705,6.24495,6.82905,-41.70703,-32.5526,-39.06784,non-fall
1.33005,6.66195,8.92095,-23.78419,-35.77477,-36.12929,non-fall
-0.07905,6.62805,8.69205,2.11923,-7.0746,-38.43759,non-fall
-0.02595,6.78195,6.98895,16.95382,19.73482,-23.24848,non-fall
-1.137,7.287,7.092,26.40763,22.88608,-4.13604,non-fall
-0.936,7.12905,5.11695,27.45542,50.18394,14.06253,non-fall
0.08805,6.537,4.197,-15.45697,58.44814,44.29895,non-fall
2.118,7.392,5.61,-28.75532,33.52161,32.89136,non-fall
2.66595,7.16205,6.201,-38.8315,-5.39655,-7.70485,non-fall
-0.462,6.99195,9.73095,6.45222,-15.40182,-53.35097,non-fall
-1.58295,6.84105,6.489,40.19442,27.50269,-21.98797,non-fall
-1.76205,6.86295,5.22195,21.71224,43.46386,18.2616,non-fall
-0.39,7.323,4.61595,-1.31565,59.1493,27.84933,non-fall
0.33405,7.272,5.11005,-40.86407,30.30732,27.08515,non-fall
2.772,6.73095,7.21905,-32.59986,-37.38192,-36.83044,non-fall
2.88705,7.974,6.975,-26.58094,-1.61502,-14.92125,non-fall
-0.18705,7.32,7.899,-30.08673,-10.64341,-45.85883,non-fall
-1.24695,7.20105,7.107,19.89238,-1.61502,-25.41497,non-fall
0.57405,2.85495,6.32805,48.18289,12.10087,-39.83202,fall
-0.63405,4.296,1.74795,93.26177,12.31358,-4.48268,fall
-13.53705,-4.17405,-13.90695,61.12672,-66.2948,-77.00123,fall
-7.68795,2.78595,-3.65505,-92.86786,-4.49056,57.25066,fall
2.31,4.545,4.446,91.58372,-91.98551,-165.48094,fall
-10.57095,10.608,6.996,-74.45658,182.12753,41.08465,fall
1.512,6.20505,3.39105,-25.32044,7.9018,8.74477,fall
1.30905,-0.04605,2.87805,-72.77853,-89.46449,53.89456,fall
2.673,3.645,16.57395,54.06,79.44346,-6.23163,fall
2.439,-0.30195,11.60805,37.05103,-193.06242,-36.0505,fall
-0.35205,0.64305,15.369,-131.15576,-143.36693,-58.31421,fall
0.50895,-1.35105,-3.552,-80.75912,-49.63247,-161.28189,fall
-26.112,10.713,-2.79495,-292.08316,-172.62645,539.05591,fall
9.77505,6.822,-0.906,-9.28836,87.21134,-64.26223,fall
5.80005,8.13195,11.86395,-106.23711,-123.3485,-55.37565,fall
5.13,2.20605,6.582,-36.09777,-285.88303,-109.20718,fall
4.788,0.336,-4.59105,-63.67925,-89.04695,-186.68898,fall
-1.47,17.31405,-6.69795,-265.34464,-42.70756,-214.27045,fall
-1.61595,4.083,-9.21,105.15781,28.47958,29.67707,fall
5.64705,4.44,14.47605,-39.17814,-172.55554,-99.75338,fall
10.60305,-7.533,15.702,-204.51729,-355.67572,-135.24454,fall
-24.237,27.28905,9.52995,-12.71537,8.46115,-75.25228,fall
-6.984,-18.52305,21.98205,-278.22543,-347.89996,-166.53662,fall
-8.71305,7.66995,-4.04295,-97.20873,72.78641,37.44494,fall
2.51805,1.416,8.79195,103.21191,-4.08877,-17.78891,fall
-0.852,1.311,8.91195,163.83443,-32.08778,6.98794,fall
0.35295,-7.095,-1.30605,9.48532,47.15084,-76.9382,fall
-1.99905,3.45405,3.91305,299.77222,-15.43334,69.91875,fall
2.00505,4.332,-11.17995,-126.03495,-18.86034,19.16759,fall
0.696,6.89205,12.88905,-1.36292,-29.99219,6.77523,fall
1.69395,1.11705,-2.376,-90.40199,-11.99845,-11.55727,fall
2.23305,1.509,2.41095,-30.83516,-128.26448,-46.97752,fall
12.10005,-10.25295,9.82905,-8.22481,-82.55534,-239.96906,fall
-4.365,6.681,4.21395,14.31463,23.56361,17.48954,fall
-4.53,7.074,3.37095,-7.87029,-4.30148,75.58316,fall
3.82005,0.31695,8.34705,-48.67921,82.01175,63.1908,fall
4.06905,-2.13405,7.94505,-102.16411,65.27852,34.14399,fall
4.251,1.24395,36.71205,16.76475,26.28945,48.42711,fall
-4.58295,-3.07695,7.36005,216.47635,-58.8972,31.83568,fall
-1.8,-2.61495,-6.36,18.09616,-19.69543,-8.13027,fall
-1.73295,-0.81495,-0.798,-164.81131,36.86196,-16.46537,fall
-6.52695,-3.56805,20.45505,-168.03349,46.17395,-25.9822,fall
5.832,-5.60805,31.236,-0.9375,-5.20747,-7.84666,fall
-1.269,-3.867,17.742,41.41554,-25.86403,87.06953,fall
-0.58695,-9.81705,17.47605,291.38199,-195.74887,-248.15446,fall
3.08295,-9.855,-24.86805,234.88763,-51.83048,-6.72796,fall
14.91105,-5.871,39.01005,-400.21103,-256.43442,45.07101,fall
0.64605,-14.24595,-22.57695,-264.61984,-102.65255,88.68456,fall
6.219,-13.13805,60.09405,-275.33417,-58.9681,53.68185,fall
11.844,-20.01405,16.22205,430.04565,109.51443,-10.15496,fall
1.07895,-7.21005,-15.99705,135.07121,18.10403,13.99163,fall
4.01895,-0.894,-5.352,20.05782,-11.51001,-23.11455,fall
15.47805,-21.83205,-4.22205,268.20441,261.90976,-169.7588,fall
7.881,1.62195,-10.239,-21.45226,-48.4665,-10.30465,fall
0.49695,-0.084,8.03295,-186.37386,-64.78219,-38.23276,fall
-0.83595,0.34305,1.07295,26.14764,16.3472,-35.08149,fall
-1.14,1.62405,-0.276,-21.45226,6.54676,2.78887,fall
2.19,0.64695,16.56405,-123.37214,-141.98825,-3.44276,fall
1.50495,1.02105,14.172,110.3574,15.64604,4.88447,fall
0.612,1.24605,0.01005,-55.39929,37.56311,26.02947,fall
7.182,4.78695,18.561,-92.5685,-86.26596,12.3766,fall
0.72495,-0.891,-1.77105,-40.56469,64.23071,-26.9591,fall
-0.99105,-0.621,3.015,-60.92976,-50.35726,14.68491,fall
-1.70505,-0.90795,9.68505,-6.9643,-42.51848,25.1156,fall
2.175,-0.56295,10.55205,-129.46196,-89.07059,-6.86976,fall
1.452,1.56,9.07005,-84.45398,-9.54834,-6.38132,fall
-1.67595,6.57105,3.795,27.05363,34.82939,6.42859,fall
0.04905,4.05405,8.79195,-3.60032,9.5641,4.39602,fall
-3.18195,4.24605,7.40595,1.64654,-4.37238,-0.3624,fall
-0.73005,2.127,-4.392,46.16608,103.29068,19.86874,fall
6.95895,-1.12605,-7.55295,3.39549,198.00203,16.15812,fall
24.23895,1.65495,-8.19705,-94.11262,120.29964,-73.30637,fall
3.53805,3.039,3.249,46.65452,-66.66507,37.15345,fall
-1.092,-2.04,4.305,-97.82323,-30.89818,-58.5348,fall
8.571,-4.296,8.05905,-52.74435,-225.07143,-70.78535,fall
-6.579,0.37905,21.52305,-224.37814,-232.28783,377.00192,fall
2.547,3.14205,4.06305,-68.56371,-119.80332,-57.89666,fall
1.89105,-0.43605,4.64805,-18.44279,-131.35272,-30.59881,fall
12.31305,-2.16495,5.90895,-44.0626,-148.85013,-163.8029,fall
-1.233,1.36605,17.66805,72.90458,-122.45827,9.86347,fall
3.84405,2.283,-2.079,-32.15869,-160.39954,-92.05641,fall
1.929,2.69895,-0.576,-35.94021,-172.57918,-52.29529,fall
14.15205,-2.979,-15.006,-180.21313,45.39402,-101.99866,fall
-2.44695,6.717,6.07005,2.69433,7.80727,5.6644,fall
1.44795,1.5,4.815,-93.8999,-121.19776,-19.46696,fall
3.04695,2.778,-2.601,-72.13252,-142.4767,-17.08775,fall
21.71805,-43.593,-10.464,-625.4715,-293.74542,-266.98331,fall
-15.54105,-2.397,50.08395,185.6727,-95.30222,-83.31165,fall
20.99505,-14.77095,21.61095,187.56348,327.77124,-190.40749,fall
30.60795,-23.66805,-0.07995,345.75711,277.4455,-60.7722,fall
30.52395,-24.70905,3.42195,-180.00041,-234.45433,432.23578,fall
-4.22805,-7.497,1.92,-92.22186,470.85455,68.24071,fall
49.113,5.08395,63.53295,302.49808,463.36243,182.61597,fall
-18.30405,-22.10895,7.281,217.24054,312.16458,-114.10741,fall
78.42195,-32.95995,57.006,454.32614,509.77271,401.43213,fall
5.745,-17.77305,-18.207,59.88197,-166.56027,-135.38634,fall
-1.27395,-15.27105,76.18906,1.50473,-270.43393,-428.05246,fall
26.38695,-35.59395,54.31005,-395.5235,-324.8248,-294.49387,fall
-10.848,4.83,33.48705,-72.97548,-59.95287,-145.53342,fall
23.463,-41.343,-63.55005,-307.05167,239.29939,-191.10864,fall
-1.08495,-15.82395,-46.45995,-182.37962,88.3773,-77.92298,fall
6.58095,-33.03,-22.55805,-436.82874,249.72223,-176.13223,fall
2.47005,-24.954,-58.041,-332.45874,226.13498,-175.77773,fall
-19.51095,-27.85605,-10.54995,-654.73108,307.96552,-95.27859,fall
-26.823,-29.73705,4.17405,-1026.4231,441.59503,14.40917,fall
-31.233,-23.32305,-3.56895,-818.66791,239.78786,2.37133,fall
-25.36695,-16.239,-15.86595,-741.80841,220.5336,-77.85207,fall
-16.98705,-15.846,-17.01705,-451.31671,236.42389,-142.94939,fall
5.12505,-4.47105,-10.56495,-187.13805,-191.96736,-3.8603,fall
15.49305,-4.64805,-2.259,-236.14027,-248.66653,-7.01157,fall
21.83295,-10.60005,-18.24795,-445.99896,-278.90295,-4.00211,fall
1.074,7.248,7.69605,-12.25055,-2.52889,1.11082,non-fall
0.98295,7.215,6.42705,-13.8577,-7.98846,3.00158,non-fall
0.71505,7.16505,6.69705,1.26051,-2.6707,2.08771,non-fall
0.56895,7.11705,7.07295,3.78152,-6.72796,0.69328,non-fall
1.06005,7.05495,6.98205,0.55935,-6.94067,-1.89864,non-fall
0.92595,7.21305,6.85305,8.61084,-3.93121,-4.07301,non-fall
1.15305,7.122,7.20705,3.15127,-5.46745,-2.38709,non-fall
0.99705,7.05705,6.582,-0.63025,-3.93121,-2.04045,non-fall
0.93,7.239,7.12605,3.08036,-3.08824,1.59927,non-fall
1.10295,7.047,7.04895,-1.60715,-6.72796,-0.29149,non-fall
1.11195,7.21005,7.221,-0.97689,-5.33352,1.67017,non-fall
-0.33795,6.61395,7.65705,6.65705,-2.18225,0.69328,non-fall
-0.24705,6.73095,7.698,1.12658,1.59927,-0.98477,non-fall
-0.357,6.717,7.626,-1.1896,-0.5042,-0.00788,non-fall
0.04905,6.576,7.791,5.18384,3.97848,-1.75683,non-fall
-0.153,6.54705,8.18895,1.96166,2.78887,-1.05567,non-fall
-0.555,6.70695,8.055,-1.18173,-2.11135,1.32353,non-fall
-0.369,6.66405,7.90605,-4.96325,-0.3624,-0.28361,non-fall
-0.426,6.39405,7.86795,1.40231,3.41913,-1.12658,non-fall
-0.39705,6.49695,7.89705,1.33141,1.03992,-1.12658,non-fall
-0.41895,6.66195,8.28,-0.41754,-0.15756,1.03992,non-fall
-0.31095,6.657,8.60295,1.33141,0.33876,0.34664,non-fall
-0.579,6.46995,8.19795,-4.26209,0.96901,0.06303,non-fall
-0.49605,6.513,7.92795,0.49632,1.66229,-1.40231,non-fall
-0.261,6.65205,8.21505,1.40231,0.7563,-1.61502,non-fall
-0.32805,6.43005,8.22195,4.69539,5.79833,0.48057,non-fall
-0.56505,6.552,8.124,-2.37921,-0.22059,0.34664,non-fall
-0.51,6.62595,8.42805,0.28361,1.67017,0.62238,non-fall
-0.59805,6.53295,7.97595,1.68593,2.78887,0.27574,non-fall
-0.579,6.35805,7.92795,1.82774,4.12028,-1.05567,non-fall
-0.25905,6.57105,8.33505,5.11293,4.60873,-1.68593,non-fall
-0.26805,6.516,7.98795,2.03257,0.6854,0.40966,non-fall
-0.462,6.46305,8.04495,1.82774,1.94591,0.34664,non-fall
-0.519,6.40995,8.18595,0.21271,1.10294,0.83509,non-fall
-0.45,6.54195,7.91805,1.12658,2.64706,-1.12658,non-fall
-0.46905,6.26205,7.60695,5.39655,3.27732,-1.33929,non-fall
-0.357,6.49695,8.26305,4.69539,3.20641,0.20483,non-fall
-0.417,6.339,8.16195,7.1455,2.9228,-0.22059,non-fall
-0.57,6.315,6.855,0.84296,2.43435,-1.47322,non-fall
-0.26295,6.58305,8.69595,0.35452,-0.85084,0.48057,non-fall
-0.64605,6.30705,7.36995,4.62449,2.93068,0.27574,non-fall
-0.70095,6.30705,7.65,4.06514,3.83667,-1.33929,non-fall
-0.40905,6.41505,7.62795,4.06514,4.25421,-1.68593,non-fall
-0.342,6.276,7.719,7.35033,5.94014,-3.23005,non-fall
-0.50505,6.29295,6.91695,6.86189,2.01681,-2.24528,non-fall
-0.309,6.49395,8.349,6.0977,2.08771,-0.49632,non-fall
-0.23895,6.255,8.43795,17.29258,-0.08666,-2.87553,non-fall
-1.50405,6.82695,8.526,-5.5935,21.96434,8.11452,non-fall
5.66595,10.284,2.847,-27.08515,36.52319,-19.32515,non-fall
4.359,9.15195,1.97805,13.86558,8.46115,1.88288,non-fall
4.42395,9.10395,1.64805,19.25425,-3.30095,-0.07878,non-fall
4.287,8.83095,-0.59295,6.30254,1.31565,7.12974,non-fall
8.13,6.102,2.51895,-15.46485,3.34822,8.8787,non-fall
8.65395,4.782,3.17295,-1.88288,-6.16861,15.66968,non-fall
5.80305,7.65105,3.558,-19.03366,34.21489,23.09091,non-fall
7.134,5.364,3.11805,-16.44174,-2.04045,26.93546,non-fall
9.37005,2.96295,3.84495,52.4371,34.98695,39.88717,non-fall
9.49695,2.13195,1.90905,50.54634,-8.61872,27.49481,non-fall
9.99495,1.44705,2.12205,12.81778,3.63184,14.05465,non-fall
8.39805,3.67905,2.184,20.9323,21.20015,44.64559,non-fall
8.71695,0.243,2.89305,10.78521,8.03573,62.49752,non-fall
9.354,0.063,3.189,6.30254,-3.15915,4.39602,non-fall
9.47805,-0.084,2.63205,11.97482,-5.75106,0.62238,non-fall
9.50895,-0.027,1.791,10.29677,-9.24897,1.74108,non-fall
9.615,-0.07005,2.466,10.36767,-9.87922,1.31565,non-fall
9.69105,-0.10305,2.943,12.60507,-12.88869,0.96901,non-fall
9.57405,-0.07695,2.94,14.28312,-13.31411,-0.5042,non-fall
9.97095,0.50595,1.77195,21.28681,5.72743,-20.94017,non-fall
8.97495,2.616,2.55,40.11564,25.1156,-90.17353,non-fall
7.572,5.35695,2.943,22.051,8.17754,-59.22808,non-fall
4.62495,8.05095,1.188,2.73372,4.46692,-85.90356,non-fall
2.853,9.47505,2.58405,3.50579,9.16231,-51.4602,non-fall
0.327,9.717,2.29905,8.2642,-18.77368,-36.90135,non-fall
0.49695,9.31695,5.26995,6.65705,-34.38033,-26.26582,non-fall
-0.189,9.114,5.22495,6.44434,-54.46967,-6.59403,non-fall
0.15195,8.841,5.703,14.42493,-32.48957,-3.58457,non-fall
0.59295,9.60195,2.54505,9.52471,-17.22956,-32.70228,non-fall
-0.50805,9.051,4.16205,12.04572,-34.16762,-10.79309,non-fall
-0.306,8.46195,6.12195,8.47691,9.92649,1.52837,non-fall
-0.54105,8.24895,4.485,3.85242,-13.44804,2.9937,non-fall
0.03495,8.40705,6.06,-3.49791,8.60296,-2.6707,non-fall
-0.73695,7.98105,5.38305,1.75683,-3.7894,8.17754,non-fall
0.21,8.38605,5.90205,7.77575,27.21908,11.25791,non-fall
-0.096,6.46305,10.05105,-72.16404,74.67717,-12.96747,non-fall
-5.466,4.227,14.61495,-27.99114,27.50269,-32.91499,non-fall
-1.36905,3.05595,7.056,-1.45746,-15.26789,61.80424,non-fall
-2.26305,3.3,10.52805,21.3656,0.7563,71.88042,non-fall
-2.23395,4.03995,7.49895,-13.36138,79.37256,52.97281,non-fall
-0.768,2.89305,8.66505,24.37506,41.14768,70.34418,non-fall
3.88005,4.82505,7.69095,15.90602,64.94763,70.27328,non-fall
3.30105,4.15005,8.907,-8.17754,78.80533,64.04164,non-fall
1.47195,4.002,9.582,-0.19695,58.01484,69.92664,non-fall
1.512,3.80505,9.858,-8.24057,57.6682,50.60148,non-fall
-0.045,2.967,9.19695,1.06355,24.20962,51.51535,non-fall
-0.39705,3.396,8.68905,-0.6854,17.90708,30.37034,non-fall
0.861,3.513,11.83995,14.71642,21.90131,15.39394,non-fall
-1.73595,3.789,7.60695,-2.78099,38.35093,78.95501,non-fall
-0.22995,2.697,8.23395,26.82517,60.81947,117.37685,non-fall
-0.34905,4.31805,8.478,-6.14497,60.11831,38.28003,non-fall
-1.00995,3.38895,8.68905,8.90233,57.6682,88.88939,non-fall
2.487,4.485,6.97695,-4.39602,-2.11135,16.44174,non-fall
1.713,4.689,8.68005,-0.40179,31.27633,-1.19748,non-fall
1.97895,3.68295,10.63305,-56.12408,36.24746,-9.95013,non-fall
1.12905,2.17995,8.47605,7.01945,8.17754,0.90599,non-fall
3.363,1.608,9.36,7.5079,-5.04991,-53.76851,non-fall
0.79905,3.564,9.19905,11.63606,-1.33929,-52.36619,non-fall
0.92805,3.50895,8.98605,2.11923,40.94285,-79.53012,non-fall
-0.68505,4.27695,12.285,22.97274,31.0006,-3.15915,non-fall
-0.49305,2.66805,7.99695,11.42335,-16.5284,-3.50579,non-fall
4.14105,1.524,2.51895,-78.66352,-99.61945,26.94334,non-fall
9.732,-2.47395,5.26095,-57.24278,-49.56944,138.8685,non-fall
10.89495,-2.78295,4.83705,24.65867,57.95182,-9.95013,non-fall
9.70605,-3.24705,3.62295,-185.41272,88.47184,-107.94668,non-fall
4.89495,2.12205,7.722,-2.64706,64.60099,-28.0778,non-fall
7.50495,1.06605,7.449,-101.54961,127.80755,-87.3689,non-fall
5.94195,1.272,8.976,17.51317,30.0237,18.89185,non-fall
3.92295,0.76695,9.38295,41.45493,-6.65705,6.21588,non-fall
3.684,0.63795,6.546,26.47853,-32.56047,-11.69908,non-fall
6.92595,-0.525,4.01805,-42.54212,-92.89938,70.06056,non-fall
12.89505,-6.28305,2.78205,-76.77276,-56.56526,106.94615,non-fall
9.82005,-3.88395,0.48195,-100.01336,24.20962,8.80779,non-fall
8.45595,-0.57,1.755,-23.71329,72.58158,-9.95013,non-fall
14.90595,-3.81,6.43605,63.01748,66.07421,-57.55003,non-fall
9.77505,-3.85995,9.95595,95.49129,130.11586,-78.61626,non-fall
4.16295,0.25695,8.35395,88.63728,144.32808,-32.90711,non-fall
1.09305,4.20105,7.48005,50.13667,91.26859,36.94862,non-fall
6.51405,-1.60905,-0.45795,-80.27067,-130.06857,89.44874,non-fall
14.58,-3.75,5.65305,-83.91039,-65.73545,163.08598,non-fall
11.94405,-1.63305,2.54505,32.91499,44.02321,-33.33253,non-fall
11.42505,-4.93305,4.16895,50.55421,40.73014,-91.07952,non-fall
8.20695,1.33905,6.30405,-53.31945,9.79257,-85.90356,non-fall
8.35995,-3.882,3.09405,37.32677,64.11255,-104.03123,non-fall
6.63105,0.75495,5.83305,-101.62051,-14.2201,-126.78338,non-fall
7.23705,1.26,5.385,-103.36946,-55.51746,-114.32012,non-fall
3.98295,3.63105,7.33905,-50.3809,15.46485,-101.85686,non-fall
2.85795,4.95705,7.58805,-21.05047,-1.89864,-39.20965,non-fall
3.24795,3.34305,7.569,-31.13453,-8.40601,-50.48331,non-fall
2.48895,2.53905,7.02495,-55.13931,-77.21394,-5.75106,non-fall
6.53295,0.063,6.345,-47.0957,-116.48663,-14.01526,non-fall
9.39405,-3.192,3.18705,-133.96039,-59.43291,61.51275,non-fall
3.258,3.94905,8.39505,-13.56621,-10.58038,-27.58935,non-fall
13.90995,-0.76695,3.795,43.13298,-12.81778,35.12876,non-fall
9.318,-3.987,5.60505,164.51193,-7.2164,-28.1487,non-fall
8.31,-3.72105,4.88205,85.55692,-15.82724,-49.43552,non-fall
7.75395,-1.674,5.28195,-107.71033,27.21908,38.41395,non-fall
8.571,-2.03595,4.743,16.04783,35.82991,-40.89558,non-fall
8.59695,1.67205,7.44405,40.33623,70.83262,-10.9349,non-fall
6.78195,2.11695,5.67195,38.02792,51.08993,17.27682,non-fall
7.55505,3.741,5.26305,52.65768,48.43499,13.77104,non-fall
7.63905,4.629,9.63195,95.42827,73.98389,2.9937,non-fall
4.39995,2.05005,2.205,132.31386,-5.25474,40.16291,non-fall
6.91605,4.08795,3.29505,-28.26687,44.44075,-49.22281,non-fall
6.54495,2.958,8.50005,-87.13256,-27.1009,-105.92199,non-fall
6.02505,2.09595,9.37395,-104.55907,-64.89249,-114.73766,non-fall
2.26905,3.23595,8.019,-64.59311,6.7831,-106.41044,non-fall
1.524,4.72005,7.092,-26.37611,2.72585,-26.19491,non-fall
2.12505,3.54,10.51605,-1.66229,34.01006,13.4244,non-fall
1.59795,3.17805,9.37605,14.71642,21.27106,18.32462,non-fall
3.32205,3.987,9.429,-4.60085,-3.7894,-15.90602,non-fall
3.543,2.64405,7.88505,-15.45697,62.22179,-21.71224,non-fall
3.10005,3.82005,7.44705,-33.30103,21.20015,-37.38979,non-fall
0.74595,4.43505,8.457,2.25316,38.70544,-7.15338,non-fall
0.46095,3.23595,8.92395,15.62241,13.01474,-11.28154,non-fall
1.05,2.37795,9.58005,12.1245,5.73531,-48.80526,non-fall
0.82005,1.76805,9.81,0.15756,-53.34309,-95.704,non-fall
2.733,1.29405,10.74105,-54.23332,-40.8877,-141.12953,non-fall
2.03205,1.99995,8.88795,-23.50058,-75.32318,-132.03024,non-fall
0.31995,3.16095,8.73495,-15.10245,-16.94594,-102.35318,non-fall
0.078,4.94505,7.90605,-11.60454,11.54152,-64.55373,non-fall
-0.73995,3.444,10.494,-17.90708,-0.98477,-3.37186,non-fall
1.488,3.04395,9.19395,-3.55305,34.43548,-29.97644,non-fall
0.50895,2.865,8.44005,-19.93177,-21.63346,-71.62045,non-fall
-0.057,2.05995,10.629,-47.72595,-42.0773,-69.52484,non-fall
6.18795,2.69205,5.58405,2.11923,-43.26691,33.02529,non-fall
7.39305,-1.368,6.74505,272.1041,-64.89249,87.621,non-fall
9.636,2.47695,1.341,158.35121,-42.21123,-14.92913,non-fall
8.25,3.147,-3.76995,45.93761,-37.17708,-93.46661,non-fall
6.009,2.211,-9.37005,40.19442,-31.78841,-78.06478,non-fall
2.901,3.09405,-10.728,-21.82253,6.85401,-52.86252,non-fall
3.45405,6.46605,-10.917,-66.55478,17.42651,-67.35835,non-fall
-0.49095,7.51395,-3.08295,-233.91862,158.05183,-18.77368,non-fall
-0.44805,7.20495,5.53305,-63.2617,35.62508,-9.95801,non-fall
4.33305,5.07195,9.68505,-130.46249,-3.7894,-31.58358,non-fall
1.11495,3.70005,7.21905,-94.82953,6.01104,-61.89878,non-fall
-1.79595,1.66305,11.44695,-62.143,24.56413,-34.1755,non-fall
-1.48005,-1.30305,12.846,-5.93226,-7.42124,2.50526,non-fall
1.15095,-0.53895,12.747,41.73854,-75.81162,13.06988,non-fall
3.945,3.38595,9.64695,2.67858,29.39345,-50.06577,non-fall
5.76,4.29405,5.814,-18.95488,-56.49435,-32.56835,non-fall
4.61805,5.745,7.28595,-34.28579,21.13713,-60.7722,non-fall
5.46,5.637,7.15695,-32.74167,5.6644,-51.18447,non-fall
5.796,3.27405,7.62795,-40.37562,-58.0306,-69.38304,non-fall
4.12395,2.73,8.73705,-51.6414,-86.10052,-100.53333,non-fall
2.415,2.68305,6.57495,-93.43509,-69.51697,-42.22699,non-fall
5.32905,4.21995,5.07105,-47.0248,-18.34826,-55.38353,non-fall
3.70305,4.59105,8.91195,28.01477,45.63036,0.89023,non-fall
5.22795,4.45905,7.152,-27.00636,-32.90711,-45.02374,non-fall
2.57805,4.13295,8.44695,-11.80938,48.22227,-20.94805,non-fall
3.71505,4.497,11.10705,-116.88052,29.32255,-59.6535,non-fall
-0.663,1.44495,1.78395,-34.21489,-33.88401,98.39834,non-fall
5.64,-6.477,1.188,44.11775,32.96226,0.7563,non-fall
8.99895,-5.82105,8.85405,-50.30999,-129.57225,104.55907,non-fall
9.76995,-6.97995,7.27695,-89.65357,72.16404,-15.27577,non-fall
5.59905,-6.642,1.36305,71.83315,-42.84149,76.98547,non-fall
9.55695,-6.95595,-1.56195,105.92199,18.96276,-46.49696,non-fall
4.58895,-2.862,6.85305,86.74652,13.8577,62.97809,non-fall
5.08005,-7.52295,-3.25995,-153.49037,126.68885,-110.05803,non-fall
8.69295,-6.49095,4.26705,49.43552,94.49077,-114.74554,non-fall
12.21705,-9.39105,7.26,177.18004,35.69599,-155.20782,non-fall
6.64305,-4.24605,3.642,98.08321,148.3223,-74.49597,non-fall
5.781,3.08505,7.20705,26.96697,47.45021,-48.31681,non-fall
3.756,6.03,6.79005,40.75377,-18.62399,-63.92347,non-fall
0.11595,4.92105,1.64805,-32.04052,33.45071,-44.88981,non-fall
-1.88895,8.85,7.36005,-11.39183,20.85352,-48.0332,non-fall
-0.888,5.90505,11.31105,32.14293,64.8137,-8.06725,non-fall
1.61805,6.264,4.21395,17.51317,-60.41768,-54.40664,non-fall
-1.12305,3.60705,10.05105,-8.38237,-99.05223,-125.45197,non-fall
-2.655,2.53395,9.192,29.90553,-120.81961,-92.48971,non-fall
1.21095,0.192,9.21795,-51.7123,-131.32121,-119.92938,non-fall
8.21595,-3.36405,5.067,-58.14877,64.67189,71.24229,non-fall
12.64995,-2.79195,6.85995,-35.19178,88.0543,-32.15081,non-fall
10.43595,-6.63495,13.743,170.60176,18.2616,-157.58702,non-fall
8.18505,-5.95695,9.987,-163.92107,-125.08958,47.22963,non-fall
5.63505,0.41505,2.397,139.17575,40.80892,-76.59944,non-fall
4.80705,-2.457,9.285,-140.82228,-112.56329,-76.17402,non-fall
4.16505,6.01995,1.50405,120.97717,46.82784,13.91285,non-fall
5.178,7.275,-0.897,76.45763,28.905,3.9706,non-fall
6.945,6.08505,3.10605,94.4435,59.35413,28.4008,non-fall
-1.00605,5.66295,8.56695,-70.47022,89.66145,-34.80575,non-fall
-0.60795,5.47695,7.89405,-51.42869,56.83311,-4.71115,non-fall
-1.00305,3.56805,10.128,-48.2144,5.94802,2.63919,non-fall
-0.49605,2.841,8.931,-3.76576,-35.42813,14.18858,non-fall
6.94305,7.51695,-1.75605,-95.8852,177.09338,-77.93085,non-fall
4.824,0.94395,12.975,-81.67298,-34.23065,-64.34889,non-fall
3.49695,3.85305,8.80905,3.02522,1.1187,15.93754,non-fall
3.591,4.06395,8.622,-4.1124,8.11452,-23.39816,non-fall
2.98695,4.70805,9.15795,4.00999,-5.39655,14.74793,non-fall
1.46895,4.31505,7.47795,-38.20124,-14.98428,-63.50592,non-fall
3.47295,4.15305,9.348,8.97324,-16.10298,-40.54894,non-fall
1.02405,4.54305,7.84605,-22.79942,-11.34456,-40.26532,non-fall
1.43595,4.512,9.027,-14.68491,-3.36398,-26.40763,non-fall
1.761,4.36095,7.63995,-3.34034,27.15605,-18.0804,non-fall
3.68595,4.122,10.128,-2.9228,59.21232,-33.97066,non-fall
1.82595,4.64805,9.11505,4.14392,53.05159,-28.44019,non-fall
1.96005,4.63095,8.43495,-10.61977,-7.63395,-4.00999,non-fall
-1.791,4.35105,9.21105,-18.67126,16.51264,3.19854,non-fall
-1.58295,4.63095,8.58405,-4.32512,42.48697,-10.17072,non-fall
-3.936,3.60405,9.55305,-31.62297,34.99483,50.86934,non-fall
-2.19495,3.813,9.075,0.57511,1.60715,83.13833,non-fall
0.07095,3.62595,8.66295,-8.94172,-8.1933,60.18134,non-fall
2.75505,1.701,9.19695,40.19442,42.83361,78.30901,non-fall
1.90305,2.88795,8.21505,16.95382,36.11353,58.84993,non-fall
2.79795,4.24605,8.79,6.03468,50.39665,38.61879,non-fall
0.97605,4.67205,9.69495,4.14392,45.00798,29.5195,non-fall
-0.699,3.48705,11.60295,-19.78996,41.01375,58.21967,non-fall
0.957,4.37505,8.48805,-9.92649,17.70225,8.87082,non-fall
0.34905,3.25695,8.74695,-0.33088,1.67805,57.66032,non-fall
3.80595,3.16395,8.85195,9.67439,-4.97113,-15.7721,non-fall
4.10805,2.66595,7.41495,2.53677,2.65494,-22.83881,non-fall
1.917,3.59205,6.43905,-35.26269,3.84455,-21.57831,non-fall
0.777,5.24895,10.66395,11.9827,-6.86189,-25.91918,non-fall
1.52895,2.86905,8.96895,85.90356,27.7863,42.88876,non-fall
2.709,3.09705,7.722,20.3178,33.10407,4.73478,non-fall
3.921,3.17295,8.63205,3.51366,49.7664,-17.10351,non-fall
3.12105,3.04905,8.25795,-64.80582,-20.37295,-65.12095,non-fall
1.04805,5.09595,9.90795,-27.98326,6.64918,-19.82935,non-fall
1.40505,3.29805,11.505,67.28745,41.01375,45.33887,non-fall
4.644,3.489,10.47795,-93.92354,-19.32515,-35.71962,non-fall
2.39805,2.766,7.99695,52.72859,39.75325,58.00697,non-fall
2.74305,4.371,7.12095,11.56515,32.47382,1.93803,non-fall
2.35305,3.88695,7.79595,-52.6892,36.67288,-39.84778,non-fall
3.76995,3.78405,6.156,-11.60454,-1.19748,5.71955,non-fall
1.83105,5.29695,7.88505,-37.29525,-12.39236,-16.81989,non-fall
1.608,4.18605,12.384,-30.57518,24.77684,-1.00053,non-fall
1.30605,3.12105,9.04605,-5.02627,19.17546,23.98903,non-fall
2.22105,3.516,7.88205,6.24739,4.68751,-12.90444,non-fall
3.27,3.64305,10.20195,-17.62347,1.1187,-46.49696,non-fall
2.89605,2.44095,7.77,2.11923,3.427,-23.61087,non-fall
1.84005,3.92295,7.44195,-15.24426,24.77684,-16.47325,non-fall
1.64595,4.653,10.75305,15.97693,12.87293,5.01839,non-fall
1.39995,1.77495,9.15105,47.05631,19.03366,32.74167,non-fall
1.72095,2.256,6.88395,14.50371,16.51264,0.40179,non-fall
5.46795,2.13195,9.441,-31.62297,-4.20694,-58.74751,non-fall
2.709,0.537,10.79895,-65.92452,10.07618,-119.22822,non-fall
3.82005,2.16495,8.77305,-17.41076,-11.6912,-97.1142,non-fall
2.29305,3.396,10.17105,1.34717,4.4039,-39.21753,non-fall
0.66495,2.76405,9.14595,-7.05096,-11.48637,-39.0127,non-fall
3.555,1.25595,9.20895,-63.75015,-28.49534,-113.69775,non-fall
1.19595,2.706,8.466,-19.02578,-14.35402,-61.19762,non-fall
1.90305,1.73205,10.48995,0.71691,-31.36299,-56.2974,non-fall
2.226,2.99595,9.285,-3.62396,5.38867,-68.34312,non-fall
1.15995,4.15005,6.858,-13.98375,23.02789,-50.83783,non-fall
1.41195,2.92695,10.01295,-74.03904,10.49372,-22.13766,non-fall
-1.29495,2.706,9.63,16.26054,22.67337,12.22692,non-fall
-0.20595,2.94795,8.96205,12.54992,32.33201,8.47691,non-fall
1.84005,3.81,10.19505,11.36032,7.48426,-3.2852,non-fall
0.81795,3.03705,8.313,-17.61559,-17.92284,-19.30939,non-fall
2.427,2.44305,9.45105,9.25685,19.30939,9.95013,non-fall
2.29305,3.60195,6.98895,-12.65234,34.22277,-11.95906,non-fall
3.258,3.54195,10.12605,-21.96434,36.95649,-25.28892,non-fall
0.15,2.41905,8.091,12.40812,29.04681,48.06471,non-fall
1.99395,2.12505,8.82795,3.30883,2.45011,5.71955,non-fall
4.43295,2.046,9.831,-27.42391,-1.68593,-42.30577,non-fall
2.70495,2.24895,7.64505,-39.8793,-25.34407,-47.76534,non-fall
-0.213,1.485,9.40995,29.48799,32.68653,18.73429,non-fall
0.03495,1.785,9.82605,44.39349,29.74797,34.41972,non-fall
0.93495,1.60005,7.16595,62.59993,45.00798,55.13931,non-fall
1.77105,3.17295,8.36595,-9.35927,13.29835,-21.16076,non-fall
3.23595,3.13005,10.83405,11.91967,37.58675,-16.40235,non-fall
1.443,3.75,11.35905,-15.87451,24.63504,-25.2259,non-fall
1.95,3.79305,7.00605,-6.07407,17.2847,-37.26374,non-fall
0.66195,5.59605,8.13795,-9.22534,6.64918,-35.30208,non-fall
-0.01905,3.243,11.17395,6.03468,45.35462,26.36823,non-fall
0.76995,2.838,9.94905,7.43699,12.17177,35.07361,non-fall
0.669,4.19805,7.806,14.44068,6.99581,-1.74108,non-fall
3.21195,4.224,5.88795,-4.94749,-2.03257,-28.34565,non-fall
2.00295,2.91495,7.272,-0.81933,14.13344,-26.17128,non-fall
0.909,4.236,7.458,-18.11191,11.26578,-41.5731,non-fall
-2.45895,4.95705,15.22305,2.96219,-5.25474,18.55309,non-fall
0.71505,3.978,8.73495,7.01945,16.29993,1.75683,non-fall
2.90805,4.095,10.74795,8.98111,14.13344,-11.47061,non-fall
3.04905,3.714,9.51495,15.00003,12.80203,-11.54152,non-fall
1.33995,3.89595,6.36705,-40.50955,1.46534,-33.93916,non-fall
0.54705,3.55605,9.70395,2.19013,27.7863,9.312,non-fall
1.5,4.689,9.111,-21.46801,-6.86976,-17.63134,non-fall
-0.189,3.81,10.02,-27.06939,15.39394,1.05567,non-fall
1.302,3.37695,9.22305,56.85675,-23.17758,52.29529,non-fall
3.09705,3.54705,4.815,7.30306,-31.29209,40.74589,non-fall
10.79295,-4.593,1.29105,-40.72226,-150.50456,182.4269,non-fall
12.19305,-5.871,5.232,-55.91137,22.88608,142.17732,non-fall
10.038,-4.28895,0.80505,60.43344,-25.20226,96.53121,non-fall
11.64195,-7.035,1.39395,-64.93975,72.72339,-110.23923,non-fall
6.62205,-6.31905,3.051,49.64822,2.93068,-81.05061,non-fall
5.64705,-6.73995,0.15795,-17.75739,20.43597,-36.11353,non-fall
9.387,-7.43205,3.07005,-159.99774,17.48954,39.41449,non-fall
7.488,-4.44195,2.48295,-144.73773,74.33053,27.51845,non-fall
9.93495,-3.00795,3.714,-64.30949,61.03218,30.03946,non-fall
13.00995,-1.96605,1.782,41.17919,28.40868,-29.39345,non-fall
11.496,-6.23805,2.598,-3.68698,79.6483,-176.80975,non-fall
4.06695,-3.52005,2.778,3.73425,57.60518,-103.73186,non-fall
6.92595,1.69605,7.06605,-71.80164,19.24637,-104.56695,non-fall
3.05205,2.082,7.674,-30.22066,-60.20498,-138.79759,non-fall
2.10795,2.36205,7.94205,-53.53217,-34.37246,-103.66096,non-fall
3.729,3.50895,8.361,-35.60933,-9.10716,-84.54852,non-fall
2.41995,5.20395,9.17805,-2.42648,18.96276,-32.54472,non-fall
0.49905,4.212,8.41605,-5.01839,4.82144,14.07829,non-fall
-1.566,4.371,6.61605,-11.95118,48.29318,-12.24267,non-fall
0.03705,4.098,9.92205,-6.2789,25.47012,-11.47061,non-fall
2.25405,4.66005,8.304,8.06725,-7.77575,16.24479,non-fall
1.91895,2.65095,11.742,22.83881,72.02222,-5.45169,non-fall
2.436,2.91,11.37795,-29.03106,42.6918,-0.06303,non-fall
1.974,3.693,7.482,1.00053,28.41656,61.32367,non-fall
-2.193,4.27005,10.60695,11.99057,30.72486,39.27267,non-fall
2.77605,2.98395,8.481,22.56308,26.17128,43.26691,non-fall
2.94405,4.30095,6.15405,29.97644,-7.0746,-3.98635,non-fall
2.18505,3.82695,8.715,-53.46126,-29.1965,-49.55369,non-fall
1.191,3.85605,10.52295,-34.0652,-6.79886,-59.77168,non-fall
-0.768,5.02395,8.526,-3.68698,6.99581,-4.89234,non-fall
-0.069,2.91705,9.68295,-18.87609,51.30264,31.29209,non-fall
1.56495,3.279,12.111,-14.60613,-9.80832,-31.28421,non-fall
-1.29,2.22795,12.97695,-15.93754,42.55,21.98797,non-fall
1.227,3.40605,7.494,8.7684,-8.12239,3.78152,non-fall
1.416,4.392,7.46805,8.20905,16.0951,9.3829,non-fall
0.102,5.865,9.70695,24.45384,49.7664,38.5085,non-fall
0.11595,3.288,11.253,37.12193,22.74428,37.45282,non-fall
-0.84,3.51795,10.22895,24.45384,31.77266,41.37614,non-fall
2.106,4.512,10.36995,25.35983,15.0473,9.3829,non-fall
2.36505,4.18605,8.70405,4.78205,14.62188,-3.21429,non-fall
1.30605,4.87095,7.461,-21.12137,11.47061,-4.61661,non-fall
0.066,5.26395,10.97805,2.60767,33.80523,-6.36556,non-fall
-1.305,3.68595,7.755,7.43699,36.81469,57.40034,non-fall
0.813,3.849,9.51,19.1991,21.97222,22.33461,non-fall
0.79395,4.07595,7.61595,-15.23638,3.07249,33.95491,non-fall
0.78195,4.64295,7.54905,0.92962,28.20385,0.28361,non-fall
-0.24195,4.452,10.15395,-26.43914,3.07249,14.56674,non-fall
-0.52395,4.24095,8.51205,2.40284,-1.82774,18.7658,non-fall
-0.24705,4.62,8.41095,-1.23687,-3.43488,4.82932,non-fall
1.407,3.54405,6.68805,-13.97587,7.83878,-12.38448,non-fall
2.511,4.11705,8.85705,-24.69018,-7.70485,-23.30363,non-fall
0.219,4.45395,7.89405,-3.68698,18.61611,4.55358,non-fall
1.72095,3.975,10.87005,-13.06988,9.16231,-1.60715,non-fall
0.258,2.65095,9.252,5.97165,6.85401,36.61773,non-fall
1.91505,3.12795,9.903,-19.37242,-10.22586,5.67228,non-fall
2.073,0.89205,10.94505,-85.23392,14.55886,-46.82784,non-fall
1.34205,4.335,7.815,5.48321,-2.80463,-21.34196,non-fall
2.57805,2.46,10.71705,-42.1167,6.57827,-23.16182,non-fall
2.07,1.32,9.40305,-3.12763,1.67805,-49.34098,non-fall
2.71395,1.074,10.59705,-5.0893,-32.90711,-100.9351,non-fall
3.954,2.16495,8.577,-3.05673,8.11452,-38.0752,non-fall
0.468,-3.37905,14.004,-114.2177,81.40513,-234.28101,non-fall
-0.84795,-2.26995,8.40705,-67.5947,1.46534,-131.24243,non-fall
-0.60105,-1.509,8.36595,31.52056,14.9764,-137.12743,non-fall
-2.57895,0.92805,8.75595,13.46379,48.7186,-53.82366,non-fall
-1.09395,-0.822,11.14305,110.19984,-88.76334,0.98477,non-fall
-1.03695,1.54005,8.76795,33.34042,-16.73323,-81.75176,non-fall
-1.29795,3.537,7.90605,0.09454,-26.60458,-32.68653,non-fall
1.689,3.98295,9.40305,-8.16966,-40.04473,-49.62459,non-fall
0.34095,1.47795,7.86105,-68.02012,-36.40502,10.4307,non-fall
1.50495,3.705,7.80795,1.48897,43.25903,-12.94383,non-fall
0.24795,3.32895,11.32995,29.28316,14.62188,24.08356,non-fall
-0.735,2.21295,9.17505,6.18436,15.60665,56.35255,non-fall
3.25305,1.59795,9.94905,-36.38139,20.22326,4.62449,non-fall
4.632,0.66705,10.29795,-22.24007,37.72855,-26.5258,non-fall
2.64,2.56995,7.56105,-8.87082,27.7154,-31.28421,non-fall
0.114,3.882,11.34195,-5.50684,-5.32564,28.00689,non-fall
0.16905,-0.28995,9.28095,-0.04727,23.86297,81.97236,non-fall
1.03095,1.98105,7.152,-9.43017,21.62558,11.97482,non-fall
3.13995,0.74805,9.14595,-23.84722,18.89185,-49.48278,non-fall
4.09095,0.62295,6.10305,5.97165,-22.40552,-63.41139,non-fall
-0.069,4.37505,13.38705,6.94855,4.61661,-15.33092,non-fall
2.99205,2.37105,9.08895,-7.3267,7.48426,-80.35733,non-fall
0.729,2.15595,7.461,23.39816,3.427,44.38561,non-fall
1.32795,3.45405,8.553,24.02842,23.16182,-0.83509,non-fall
1.55805,3.21195,12.68505,-36.09777,6.36556,-16.0951,non-fall
2.61795,3.99195,7.38405,-17.41076,13.01474,-22.88608,non-fall
1.70895,5.33505,7.55895,0.15756,40.59621,-5.03415,non-fall
-0.47895,3.88905,8.80395,-28.4008,43.25115,10.22586,non-fall
1.242,1.72995,9.00795,12.20328,8.95748,6.16073,non-fall
-0.318,3.35805,7.40805,2.60767,8.39813,-31.56783,non-fall
-1.61805,4.69905,8.955,-19.78996,-29.33043,-54.80843,non-fall
-1.91505,5.556,7.73595,22.76791,-16.94594,-27.36876,non-fall
0.52605,4.629,7.87005,31.59146,-14.77157,-7.13762,non-fall
1.098,4.10505,9.36195,-14.04678,-2.87553,-30.51215,non-fall
-0.048,3.63105,8.53605,-7.53941,1.53624,2.87553,non-fall
-0.285,3.11595,10.69995,17.23744,11.82513,13.37713,non-fall
-0.45195,2.898,8.313,11.99057,9.30412,-16.93806,non-fall
0.88005,2.75895,10.13295,-1.30778,-4.13604,-40.17867,non-fall
2.50395,1.581,8.37105,32.99377,-18.34038,-22.74428,non-fall
2.60595,2.65395,8.115,-4.24633,18.3325,-36.32624,non-fall
1.34205,3.43695,9.37395,-4.17543,4.61661,-48.99434,non-fall
1.32795,3.882,12.58695,-5.36503,-22.96486,-14.41705,non-fall
-0.97695,2.28495,9.93705,-5.01839,-40.39138,9.72954,non-fall
-0.26595,1.77495,10.19505,12.40812,23.51634,-6.50737,non-fall
1.974,3.79605,9.44595,-19.0888,20.50688,-0.41754,non-fall
1.713,2.24205,9.38805,8.06725,-2.87553,-33.80523,non-fall
2.14695,2.754,6.58695,-24.83199,-35.56206,-26.45489,non-fall
1.053,2.92395,8.64795,7.23216,18.96276,-14.20434,non-fall
0.042,2.58,8.37795,2.74948,27.22695,-56.13196,non-fall
1.728,4.203,9.11505,22.90972,30.09461,-7.41336,non-fall
0.543,2.529,9.012,-22.38188,-16.5284,-94.21503,non-fall
-0.675,2.19405,10.37505,-1.16597,-31.64661,-90.57532,non-fall
0.37995,0.99,10.26,-0.11817,-32.97014,-127.67361,non-fall
1.098,2.283,9.099,-33.50586,-22.47642,-112.76812,non-fall
1.44795,3.44205,9.56805,-37.50009,-26.81729,-68.24071,non-fall
1.55805,3.72195,7.60695,-3.19854,26.03735,-27.85721,non-fall
1.761,2.77605,12.87705,-27.1403,-1.40231,-30.72486,non-fall
-0.91695,1.98795,8.68005,16.9617,48.01744,-61.73334,non-fall
-1.75995,3.13695,8.12895,-9.7059,16.44174,-50.04213,non-fall
-0.16305,4.06605,9.36195,-15.51999,-15.05518,-24.07569,non-fall
-1.21395,4.488,8.72505,-8.5163,-16.03207,-28.41656,non-fall
-0.189,2.493,13.12095,-25.87979,8.88658,-5.31776,non-fall
2.87895,2.70405,7.47,7.93332,-2.03257,0.21271,non-fall
3.84,3.267,9.213,-17.12714,15.74846,-11.12398,non-fall
0.79905,4.28205,10.72905,8.20905,50.32575,13.02261,non-fall
-0.63195,3.25995,10.31505,8.56357,47.4581,54.04424,non-fall
0.62205,2.616,10.58805,30.26005,40.24169,58.1015,non-fall
1.053,3.633,8.24895,14.78732,50.39665,27.79418,non-fall
4.749,3.525,7.356,-3.61608,21.90131,11.13185,non-fall
2.7,2.37795,9.09405,-12.99898,40.4544,-16.58355,non-fall
1.18905,4.002,7.581,-11.73847,12.52629,17.78103,non-fall
-0.282,2.376,9.249,12.54992,49.06524,34.09672,non-fall
0.89505,1.10505,8.598,41.88035,30.93757,72.87307,non-fall
1.34895,3.849,6.28995,-12.71537,-12.67597,13.72377,non-fall
0.44205,3.46305,11.589,25.71435,43.18813,14.42493,non-fall
-0.12405,4.04295,9.66405,-5.79045,32.61562,-0.34664,non-fall
1.37805,2.256,8.14995,1.55988,20.43597,15.96117,non-fall
1.05495,3.34305,9.40005,24.87138,61.03218,14.98428,non-fall
-2.26695,3.08205,7.81305,-2.71009,24.42233,-0.97689,non-fall
0.55695,2.36895,8.76795,-51.4996,2.51314,-57.88092,non-fall
-0.096,4.155,10.19505,13.88134,-4.9081,-12.24267,non-fall
-2.478,2.352,10.43895,18.78156,31.28421,64.47495,non-fall
0.80595,2.29695,7.54905,27.59723,5.17596,54.11515,non-fall
3.13305,2.78805,9.501,11.57303,31.00847,-19.94753,non-fall
0.28605,1.43805,12.24495,-54.36725,-39.13087,-22.60247,non-fall
2.45805,4.41105,8.124,-13.21169,3.77364,0.91387,non-fall
0.64605,4.73895,11.90205,17.79679,-16.4575,0.21271,non-fall
0.29805,3.05805,8.95305,37.26374,42.34516,80.57792,non-fall
3.35295,2.63505,8.13795,9.8871,-3.08824,-6.99581,non-fall
1.812,3.56805,6.94395,20.18387,27.36088,24.78472,non-fall
3.61395,2.709,8.538,-29.10196,61.80424,-46.61513,non-fall
1.07895,4.01595,7.38195,-11.80938,19.5221,-32.82833,non-fall
3.55695,3.906,8.22195,-7.88605,-10.5725,-5.80621,non-fall
0.31005,3.68295,13.722,2.40284,22.74428,-37.1692,non-fall
-0.05295,2.44095,8.16495,4.64024,25.4071,39.27267,non-fall
0.83505,3.32205,9.24705,12.13238,22.53156,12.53417,non-fall
1.30395,2.75895,11.016,-5.0893,12.03784,-27.92811,non-fall
2.62995,2.46,8.65305,-5.1602,11.61242,-25.12348,non-fall
1.476,3.37905,8.09505,-13.21169,30.86667,-29.39345,non-fall
-0.23505,4.11405,12.85305,6.87764,21.34196,-8.88658,non-fall
0.89505,1.58595,7.71,59.66138,8.32722,35.49115,non-fall
1.50495,3.24795,7.506,-26.85668,-22.26371,-86.51018,non-fall
0.42495,1.215,9.07905,-41.48644,-40.25745,-111.42883,non-fall
2.238,1.44705,9.22995,-20.56202,-22.051,-101.42355,non-fall
1.16295,1.13595,11.19405,-83.41406,-71.39986,-151.96201,non-fall
2.19705,2.367,7.68405,-29.4486,1.1187,-82.52383,non-fall
1.37295,2.35695,7.47,22.49217,-6.0977,-14.06253,non-fall
1.335,2.553,10.19505,31.59146,4.89234,-43.04632,non-fall
0.22395,3.04605,10.42695,-7.25579,-6.93279,-48.57679,non-fall
0.83205,3.20895,9.96795,-9.01263,0.34664,-56.34467,non-fall
0.56895,3.50895,10.878,10.02891,-47.46597,-32.47382,non-fall
1.51005,2.067,7.57605,13.25108,16.0951,-11.26578,non-fall
2.63805,2.079,7.875,-19.86086,39.4066,-30.37822,non-fall
1.39005,4.00695,9.30705,-24.13083,52.0747,-50.60148,non-fall
-0.92205,3.846,12.228,28.15658,8.67386,-18.4034,non-fall
-0.97005,3.159,6.477,28.29839,18.12767,68.11465,non-fall
1.383,3.96795,8.007,-2.9228,42.7627,14.63764,non-fall
1.58205,3.18495,6.05505,-26.0216,15.88239,-17.00897,non-fall
3.40905,2.20095,6.075,8.56357,23.16182,-8.25632,non-fall
1.10505,2.11995,7.65195,-40.09201,-13.30623,-63.5532,non-fall
-1.00095,3.738,15.57495,-24.61928,-4.27785,-25.75374,non-fall
-1.55595,1.60305,11.78295,71.28168,26.5967,60.83522,non-fall
2.01495,1.572,6.13695,45.03162,27.43179,41.86459,non-fall
5.01795,0.822,6.74295,-49.32522,7.06672,-9.16231,non-fall
4.194,-0.78795,8.60295,-17.05624,18.05676,-17.42651,non-fall
1.536,0.50895,8.39895,-73.26698,25.26529,-133.06229,non-fall
-0.64395,1.36095,17.12205,25.99008,-58.73175,-2.86765,non-fall
2.463,-0.52995,5.92605,142.81546,-22.82306,119.42517,non-fall
4.464,0.906,8.84505,50.76693,69.99754,21.70436,non-fall
5.95095,0.22605,7.64505,-14.04678,33.87613,-3.427,non-fall
5.53695,-0.477,4.63995,-75.08684,19.03366,-49.97123,non-fall
1.82595,-1.815,8.66295,-94.34108,-22.1219,-146.28973,non-fall
4.08405,-1.33605,9.096,71.21078,-77.42665,51.87775,non-fall
8.83605,-2.349,3.72795,83.46133,-194.18114,78.75018,non-fall
9.27195,-6.192,1.26405,-30.78001,1.25263,100.80118,non-fall
7.44495,-3.156,2.68905,-47.71807,44.93708,27.65238,non-fall
5.47005,-3.22995,2.07405,-78.93926,129.07593,-28.62139,non-fall
11.81205,-3.132,4.19295,28.44019,28.48746,27.30573,non-fall
10.16805,-4.854,5.052,140.79077,-32.5526,-74.05479,non-fall
7.725,-3.609,5.469,54.20181,61.17399,-106.95403,non-fall
8.166,-1.04205,4.51395,17.86769,48.01744,-80.14462,non-fall
7.75905,3.528,5.88105,23.32726,87.14043,-29.53526,non-fall
3.19995,4.371,6.735,-7.05096,85.87993,-49.27007,non-fall
-1.17795,3.99495,8.862,-7.12187,37.23223,-19.10456,non-fall
-1.31205,4.62405,8.09295,13.95224,-14.21222,-4.68751,non-fall
1.33995,3.963,10.42995,-7.25579,39.4066,-5.38867,non-fall
0.57405,4.806,7.911,-0.74843,64.8137,-12.45539,non-fall
16.90995,-0.92895,-21.14505,-368.1705,-252.62927,56.77797,fall
13.81395,-1.293,8.33505,-386.30606,-64.26223,4.55358,fall
9.64995,1.75095,4.767,-263.24118,-17.08775,-2.37133,fall
4.572,5.56995,0.687,-34.20701,22.25583,48.58467,fall
47.562,-22.464,-10.46895,-968.47919,-304.01068,-2.30043,fall
3.90705,-19.095,-54.50505,-766.04962,-130.62793,656.73993,fall
43.21605,-11.36895,-35.70495,-677.77472,-301.00122,224.70114,fall
23.82705,-2.17905,-23.62605,-533.79327,-694.11401,465.71011,fall
25.17495,-8.34495,-40.96695,-489.061,-548.73029,380.52347,fall
-22.63995,-41.53905,-33.75795,-425.98837,145.38374,1145.32825,fall
1.60995,1.002,-58.70205,-655.51886,-282.66086,372.05444,fall
-4.60695,8.57205,-28.22295,-217.82352,-184.38068,208.36183,fall
-2.40105,-3.29295,-15.18795,-447.62973,-150.56757,281.4476,fall
23.59005,-2.91,-7.48095,-541.34845,36.81469,68.46917,fall
-9.43305,2.47395,-35.85795,-75.44135,-90.02385,98.9183,fall
15.282,3.468,-14.28495,-449.5126,36.88559,113.68987,fall
11.14695,1.37505,-16.01205,-433.55142,31.28421,111.5155,fall
8.109,4.67205,-11.58,-455.18491,125.98769,155.96411,fall
18.25305,3.027,-10.75395,-531.47705,124.09693,85.96658,fall
12.49995,4.335,-11.187,-474.50214,18.96276,93.52963,fall
-1.623,2.94105,4.779,-5.51472,42.83361,-10.31252,fall
-22.839,-1.96395,32.10795,-428.86392,258.14398,-120.40995,fall
-2.98095,1.13295,-13.07895,-211.45007,98.34319,-71.06109,fall
2.02695,-0.52005,-13.72305,-203.95793,153.28555,-50.2706,fall
1.13895,-1.09905,-23.52705,-299.29953,208.51939,-110.6804,fall
-4.27395,-1.29105,-8.21595,-308.54062,278.30423,-137.63162,fall
-16.815,3.87705,8.11005,-265.21069,251.00636,-143.92628,fall
-11.74905,6.61395,10.10895,-61.58365,11.25791,-26.88819,fall
54.04995,-30.46095,-68.14005,-73.41666,272.00955,-270.34729,fall
35.57805,1.60305,36.81705,-143.83176,28.13294,190.10811,fall
-0.09105,9.76005,54.942,-38.41395,234.13921,-9.59561,fall
6.30795,-3.85005,5.10195,200.49155,95.82218,53.74487,fall
23.18505,-10.911,58.26495,-206.62074,-199.15225,165.6779,fall
13.54095,-28.14105,16.03995,-424.17642,-480.75739,-213.23055,fall
-0.69195,6.15405,32.60805,80.02644,156.23198,-72.10889,fall
22.086,-21.81705,20.79195,-530.08264,-559.86212,3.70274,fall
24.375,-21.72405,23.50695,-356.14053,-226.24527,111.08219,fall
10.83105,-9.63,18.822,200.34973,91.4104,-36.75954,fall
4.941,-13.047,2.69595,312.77121,87.77069,72.78641,fall
0.555,-4.152,-10.96695,-111.07431,-25.62769,51.01903,fall
22.11795,-44.16105,6.49605,-495.64716,-181.93846,269.34674,fall
64.80795,-9.228,54.77205,501.55582,-502.73749,438.2547,fall
36.60495,-35.49795,-1.48605,-469.74374,-163.38536,741.83997,fall
7.563,-17.946,-40.443,-427.32767,-210.42592,558.44409,fall
21.43005,-10.83,-52.63995,-709.07465,-227.6476,277.8158,fall
35.88495,-29.907,-31.99395,-704.24536,-433.44113,193.3224,fall
-0.627,7.65795,8.016,171.30292,58.72388,140.12901,fall
3.48,11.31405,22.404,-874.97314,-251.37665,-118.59009,fall
29.05095,-7.64295,-51.993,-946.29419,-246.75214,59.34625,fall
41.17095,-16.13805,17.30595,-728.95129,-131.18729,8.66599,fall
57.71295,-39.66405,-10.74195,-897.44165,-937.28949,438.04199,fall
-8.25795,11.17005,3.33105,-44.29107,-67.4135,144.46201,fall
-41.268,-46.668,30.25905,-509.08734,639.0141,-579.39209,fall
-25.044,-72.315,7.46805,-430.89648,520.08527,-622.65112,fall
0.86595,-52.50495,-66.34905,-414.79352,486.13034,-337.26443,fall
-12.73995,-65.412,-40.632,-685.34558,400.59705,-228.83719,fall
16.857,-67.61295,-47.118,-618.34967,407.17529,-581.14105,fall
-9.108,6.624,6.453,41.59674,-166.46573,227.62395,fall
20.50605,-76.785,-72.61305,-844.58704,500.97278,-95.704,fall
-31.092,-58.41405,36.62805,-747.50439,703.62299,-147.6369,fall
10.668,-37.60005,-24.37005,-101.69141,298.18872,-468.09717,fall
-4.08195,1.27905,7.389,85.90356,-1.40231,177.84969,fall
6.957,-6.369,12.14205,172.00407,67.47652,237.21169,fall
11.451,-8.17695,13.581,177.53455,79.7901,102.25076,fall
6.021,0.41505,-12.633,20.52263,38.28003,-4.56934,fall
6.82005,-23.34495,36.67395,-255.26846,-105.21296,-170.25513,fall
39.74895,-67.914,78.291,-844.65796,-634.82294,-128.67413,fall
33.22695,-70.05495,43.677,-1016.01599,-208.25154,-218.20955,fall
45.34005,-69.72705,28.25805,-1102.74683,-131.25031,-102.99131,fall
40.31895,-69.10201,30.30495,-901.35718,-686.90552,215.36552,fall
58.97805,-66.37995,-19.08795,-1023.36639,-324.24185,60.03953,fall
1.19895,-77.94601,-20.56995,-393.72729,-221.76259,899.81299,fall
-4.09905,-44.95995,-49.04805,-747.57532,-123.12791,805.03864,fall
18.72195,-78.16006,-39.31305,-1207.88098,-913.41864,749.17456,fall
20.65695,-8.66295,-32.20905,-726.0127,23.16182,59.40928,fall
15.945,-3.22095,-11.058,-391.83655,67.40562,37.50009,fall
12.01095,-41.45295,-53.21895,-1111.77515,-418.74048,623.66742,fall
32.67195,-61.491,-3.88695,-1169.73486,-234.3598,327.08585,fall
-3.73995,0.453,-20.76195,-136.26869,-175.49409,57.24278,fall
-26.02095,-78.16006,-29.547,-844.51617,466.88397,-777.28381,fall
-37.03995,-49.61205,44.457,-942.66235,666.73737,-342.94458,fall
-78.456,9.19995,13.27695,-274.65665,-201.24785,-176.9752,fall
-6.16005,10.37505,6.735,-238.40128,-271.67081,274.02637,fall
-59.04795,-70.44795,-57.093,-1569.15015,511.05688,-268.10986,fall
-34.17105,-37.011,36.03405,-510.76538,795.88422,-314.73288,fall
-47.81595,-25.63395,-5.946,-844.38226,431.47159,-386.13272,fall
-48.78405,-4.97295,15.024,-819.8811,329.06326,-169.27823,fall
0.792,1.14105,-0.40605,-242.45854,-55.37565,1.31565,fall
-4.17105,2.103,-3.77895,-151.67053,-96.46819,66.62568,fall
2.142,-2.47095,-8.889,359.0397,-73.43242,-39.56417,fall
0.126,-2.44005,-0.114,251.10089,-69.44607,33.65554,fall
0.22395,-1.76505,0.096,317.60052,128.09116,33.02529,fall
0.27705,-3.099,-0.516,327.54279,-47.39507,12.66022,fall
-12.963,-9.81,-28.752,-127.52393,-14.07829,268.57468,fall
0.30105,-6.51495,-3.25005,508.63037,68.80006,-116.77023,fall
49.008,-11.95995,-20.43405,-724.7995,-212.11183,272.29318,fall
39.20595,-18.97305,-13.27005,-932.83826,79.15197,54.10727,fall